{
    "loss": 18.21402931213379,
    "accuracy": 0.35638296604156494
}